{
    "type": "crafting_shaped",
    "category": "equipment",
    "group": "harness",
    "pattern": [
        "LLL",
        "GWG"
    ],
    "key": {
        "L": "minecraft:leather",
        "G": "minecraft:glass",
        "W": "minecraft:light_gray_wool"
    },
    "result": {
        "id": "minecraft:poisonous_potato",
        "components": {
            "item_name": "{translate:'item.happy.light_gray_harness'}",
            "item_model": "happy:light_gray_harness_item",
            "custom_data": {"HGGhastHarness":"light_gray"},
            "!consumable": {},
            "!max_stack_size": {}
        }
    }
}