{
    "type": "crafting_shaped",
    "category": "equipment",
    "group": "harness",
    "pattern": [
        "LLL",
        "GWG"
    ],
    "key": {
        "L": "minecraft:leather",
        "G": "minecraft:glass",
        "W": "minecraft:yellow_wool"
    },
    "result": {
        "id": "minecraft:poisonous_potato",
        "components": {
            "item_name": "{translate:'item.happy.yellow_harness'}",
            "item_model": "happy:yellow_harness_item",
            "custom_data": {"HGGhastHarness":"yellow"},
            "!consumable": {},
            "!max_stack_size": {}
        }
    }
}