{
    "type": "crafting_shaped",
    "category": "misc",
    "pattern": [
        "###",
        "#G#",
        "###"
    ],
    "key": {
        "G": "minecraft:ghast_spawn_egg",
        "#": "minecraft:snowball"
    },
    "result": {
        "id": "minecraft:ghast_spawn_egg",
        "components": {
            "item_name": {"translate":"item.happy.happy_ghast_spawn_egg"},
            "item_model": "happy:happy_ghast_spawn_egg",
            "entity_data": {
                "id": "minecraft:marker",
                "Tags": ["HGSpawnEgg","HGHappyGhastSpawn"]
            }
        }
    }
}